{
    "model": "YOEO_default",
    "ball": 0.8995997870494098,
    "goalpost": 0.8372013799506164,
    "robot": 0.8443298096335085,
    "mAP": 0.8603769922111781,
    "background": 0.9711710786905883,
    "lines": 0.6944676251488912,
    "field": 0.960133208635867,
    "mIoU": 0.8752573041584489,
    "fps": 0.5271966667778576,
    "batch_size": 8,
    "data": "torso_reality_test",
    "time_measurement": "13:09:09"
}